Port,Annee,Poids_Tonnes,Valeur_KDH,Variation_Poids,Variation_Valeur
AGADIR,2009,59054,346495,,
AGADIR,2010,50671,335451,-14%,-3%
AGADIR,2011,51449,340958,2%,2%
AGADIR,2012,61238,435718,19%,28%
AGADIR,2013,55201,439764,-10%,1%
AGADIR,2014,35041,320827,-37%,-27%
AGADIR,2015,41003,349835,17%,9%
AGADIR,2016,29307,287618,-29%,-18%
AGADIR,2017,28758,260211,-2%,-10%
AGADIR,2018,23600,281131,-18%,8%
AGADIR,2019,23497,276843,0%,-2%
AGADIR,2020,37993,302440,62%,9%
AGADIR,2021,34280,350856,-10%,16%
AGADIR,2022,29966,394238,-13%,12%
AGADIR,2023,36686,368251,22%,-7%
AGADIR,2024,44850,395475,22%,7%
AGADIR,2025,39002,358109,-13%,-9%
AGLOU,2009,0,0,,
AGLOU,2010,88,1928,/0,/0
AGLOU,2011,74,1913,-16%,-1%
AGLOU,2012,49,1484,-34%,-22%
AGLOU,2013,58,1331,17%,-10%
AGLOU,2014,82,2585,42%,94%
AGLOU,2015,101,2874,24%,11%
AGLOU,2016,83,2830,-18%,-2%
AGLOU,2017,67,1833,-19%,-35%
AGLOU,2018,43,1560,-37%,-15%
AGLOU,2019,45,1425,6%,-9%
AGLOU,2020,51,1176,14%,-17%
AGLOU,2021,51,2278,-1%,94%
AGLOU,2022,39,1949,-23%,-14%
AGLOU,2023,58,2247,50%,15%
AGLOU,2024,68,3245,18%,44%
AGLOU,2025,48,2856,-29%,-12%
AINBIDA,2009,0,0,,
AINBIDA,2010,10,1202,/0,/0
AINBIDA,2011,23,2209,132%,84%
AINBIDA,2012,124,5693,432%,158%
AINBIDA,2013,44,3545,-69%,-47%
AINBIDA,2014,63,9493,44%,168%
AINBIDA,2015,28,3221,-56%,-66%
AINBIDA,2016,7,1346,-74%,-58%
AINBIDA,2017,13,2482,79%,84%
AINBIDA,2018,6,887,-57%,-64%
AINBIDA,2019,15,1578,171%,78%
AINBIDA,2020,4,254,-76%,-84%
AINBIDA,2021,4,393,11%,55%
AINBIDA,2022,2,218,-37%,-44%
AINBIDA,2023,0,0,-100%,-100%
AL HOCEIMA,2009,11134,111592,,
AL HOCEIMA,2010,10785,117221,-3%,5%
AL HOCEIMA,2011,8972,123661,-17%,5%
AL HOCEIMA,2012,6592,80969,-27%,-35%
AL HOCEIMA,2013,8819,98906,34%,22%
AL HOCEIMA,2014,8565,139402,-3%,41%
AL HOCEIMA,2015,6924,108209,-19%,-22%
AL HOCEIMA,2016,4576,86894,-34%,-20%
AL HOCEIMA,2017,4671,131831,2%,52%
AL HOCEIMA,2018,4775,114429,2%,-13%
AL HOCEIMA,2019,3863,98863,-19%,-14%
AL HOCEIMA,2022,2391,121496,-6%,-14%
AL HOCEIMA,2023,2293,120842,-4%,-1%
AL HOCEIMA,2024,2385,131678,4%,9%
AL HOCEIMA,2025,2270,120967,-5%,-8%
AMEGRIOU,2009,412,11747,,
AMEGRIOU,2010,223,7784,-46%,-34%
AMEGRIOU,2011,369,20794,65%,167%
AMEGRIOU,2012,342,13709,-7%,-34%
AMEGRIOU,2013,894,12143,138%,-21%
AMEGRIOU,2014,578,16737,-35%,38%
AMEGRIOU,2015,174,8446,-70%,-50%
AMEGRIOU,2016,617,23721,255%,181%
AMEGRIOU,2017,692,34500,12%,45%
AMEGRIOU,2018,1023,39825,48%,15%
AMEGRIOU,2019,1010,32887,-1%,-17%
AMEGRIOU,2020,809,23464,-20%,-29%
AMEGRIOU,2021,732,46569,-10%,98%
AMEGRIOU,2022,640,38465,-13%,-17%
AMEGRIOU,2023,613,38743,-4%,1%
AMEGRIOU,2024,990,48397,61%,25%
AMEGRIOU,2025,1092,51229,10%,6%
AMTAR,2014,46,1474,180%,195%
AMTAR,2015,27,754,-42%,-49%
AMTAR,2016,34,1184,29%,57%
AMTAR,2017,24,893,-30%,-25%
AMTAR,2018,39,1192,64%,34%
AMTAR,2019,38,1636,-3%,37%
AMTAR,2020,44,1550,15%,-5%
AMTAR,2021,37,1694,-15%,9%
AMTAR,2022,36,1093,-4%,-35%
AMTAR,2023,35,1651,-3%,51%
AMTAR,2024,55,3429,59%,108%
AMTAR,2025,120,2904,117%,-15%
ASILAH,2009,70,2037,,
ASILAH,2010,42,1052,-40%,-48%
ASILAH,2011,29,934,-31%,-11%
ASILAH,2012,63,1950,118%,109%
ASILAH,2013,51,1823,-19%,-7%
ASILAH,2014,29,1564,-44%,-14%
ASILAH,2015,69,3730,140%,138%
ASILAH,2016,105,7701,53%,106%
ASILAH,2017,57,4441,-46%,-42%
ASILAH,2018,132,6520,132%,47%
ASILAH,2019,107,4268,-19%,-35%
ASILAH,2022,109,4584,9%,5%
ASILAH,2023,105,4632,-3%,1%
ASILAH,2024,60,3167,-42%,-32%
ASILAH,2025,50,2872,-18%,-9%
ASSILAH,2020,99,4678,-8%,10%
ASSILAH,2021,99,4366,0%,-7%
ATLANTIQUE,2009,1028360,3891556,,
ATLANTIQUE,2010,1053574,3851310,2%,-1%
ATLANTIQUE,2011,882487,4617158,-16%,20%
ATLANTIQUE,2012,1090005,4799617,23%,4%
ATLANTIQUE,2013,1139018,5048548,4%,5%
ATLANTIQUE,2014,1256209,5544720,9%,9%
ATLANTIQUE,2015,1262614,6181307,1%,11%
ATLANTIQUE,2016,1360835,6466465,8%,5%
ATLANTIQUE,2017,1285571,6644289,-5%,6%
ATLANTIQUE,2018,1285258,6717105,0%,1%
ATLANTIQUE,2019,1370244,6769465,7%,1%
ATLANTIQUE,2020,1276737,6237652,-7%,-8%
ATLANTIQUE,2021,1313351,8426785,3%,35%
ATLANTIQUE,2022,1492949,9094010,14%,8%
ATLANTIQUE,2023,1333210,9393331,-11%,3%
ATLANTIQUE,2024,1321984,9915158,-1%,6%
ATLANTIQUE,2025,1117732,9460694,-15%,-5%
BELYOUNECH,2014,6,431,171%,126%
BELYOUNECH,2015,1,65,-82%,-85%
BELYOUNECH,2016,4,291,278%,350%
BELYOUNECH,2017,13,1093,228%,275%
BELYOUNECH,2018,5,477,-63%,-56%
BELYOUNECH,2019,12,610,145%,28%
BELYOUNECH,2020,36,1599,195%,162%
BELYOUNECH,2021,39,1685,8%,5%
BELYOUNECH,2022,62,2922,60%,73%
BELYOUNECH,2023,27,1515,-57%,-48%
BELYOUNECH,2024,25,1417,-6%,-6%
BELYOUNECH,2025,15,725,-42%,-49%
BHIBEH,2014,240,10941,27%,62%
BHIBEH,2015,266,12274,11%,12%
BHIBEH,2016,524,27438,97%,124%
BHIBEH,2017,405,23230,-23%,-15%
BHIBEH,2018,443,31454,9%,35%
BHIBEH,2019,410,19240,-8%,-39%
BHIBEH,2020,299,13178,-27%,-32%
BHIBEH,2021,412,29513,38%,124%
BHIBEH,2022,368,21960,-11%,-26%
BHIBEH,2023,281,17488,-23%,-20%
BHIBEH,2024,369,26627,31%,52%
BHIBEH,2025,291,25005,-21%,-6%
BOUJDOUR,2009,2722,67837,,
BOUJDOUR,2010,3205,74144,18%,9%
BOUJDOUR,2011,3195,96114,0%,30%
BOUJDOUR,2012,4115,124606,29%,30%
BOUJDOUR,2013,3548,97390,-14%,-22%
BOUJDOUR,2014,31410,189793,375%,81%
BOUJDOUR,2015,37733,222305,20%,17%
BOUJDOUR,2016,41774,219995,11%,-1%
BOUJDOUR,2017,49156,319973,18%,45%
BOUJDOUR,2018,43071,269507,-12%,-16%
BOUJDOUR,2019,52567,291929,22%,8%
BOUJDOUR,2020,47033,311208,-11%,7%
BOUJDOUR,2021,60357,455063,28%,46%
BOUJDOUR,2022,66161,478041,10%,5%
BOUJDOUR,2023,69788,539954,5%,13%
BOUJDOUR,2024,75042,629907,8%,17%
BOUJDOUR,2025,67236,568047,-10%,-10%
BOUZNIKA,2009,0,0,,
BOUZNIKA,2010,193,4464,/0,/0
BOUZNIKA,2011,0,0,-100%,-100%
BOUZNIKA,2014,85,2968,/0,/0
BOUZNIKA,2015,269,1344,216%,-55%
BOUZNIKA,2016,297,1275,11%,-5%
BOUZNIKA,2017,367,1755,23%,38%
BOUZNIKA,2018,251,1337,-32%,-24%
BOUZNIKA,2019,180,1227,-28%,-8%
BOUZNIKA,2020,265,1172,47%,-4%
BOUZNIKA,2021,280,3550,6%,203%
BOUZNIKA,2022,498,4598,78%,30%
BOUZNIKA,2023,463,3002,-7%,-35%
BOUZNIKA,2024,189,2736,-59%,-9%
BOUZNIKA,2025,108,1696,-43%,-38%
CALA IRIS,2009,923,5383,,
CALA IRIS,2010,389,3246,-58%,-40%
CALA IRIS,2011,308,3141,-21%,-3%
CALA IRIS,2012,709,5466,130%,74%
CALA IRIS,2013,863,7341,22%,34%
CALA IRIS,2014,835,9452,-3%,29%
CALA IRIS,2015,795,8703,-5%,-8%
CALA IRIS,2016,730,10599,-8%,22%
CALA IRIS,2017,568,14192,-22%,34%
CALA IRIS,2018,850,13304,50%,-6%
CALA IRIS,2019,684,11361,-19%,-15%
CALA IRIS,2022,252,10695,-35%,-35%
CALA IRIS,2023,244,11112,-3%,4%
CALA IRIS,2024,226,9263,-7%,-17%
CALA IRIS,2025,278,14506,23%,57%
CALAIRIS,2020,391,9533,-43%,-16%
CALAIRIS,2021,386,16572,-6%,70%
CAPSIM,2025,4,104,/0,/0
CASABLANCA,2009,23818,318787,,
CASABLANCA,2010,23588,316425,-1%,-1%
CASABLANCA,2011,18165,299808,-23%,-5%
CASABLANCA,2012,15825,248819,-13%,-17%
CASABLANCA,2013,17120,215724,8%,-13%
CASABLANCA,2014,9018,141117,-47%,-35%
CASABLANCA,2015,11622,156495,29%,11%
CASABLANCA,2016,12945,175584,11%,12%
CASABLANCA,2017,9616,152218,-26%,-13%
CASABLANCA,2018,10464,136744,9%,-10%
CASABLANCA,2019,11527,165179,10%,21%
CASABLANCA,2020,13095,126549,14%,-23%
CASABLANCA,2021,21948,239794,68%,89%
CASABLANCA,2022,15459,227963,-30%,-5%
CASABLANCA,2023,15334,217917,-1%,-4%
CASABLANCA,2024,14132,228867,-8%,5%
CASABLANCA,2025,13240,280176,-6%,22%
CHMAALA,2012,192,3441,/0,/0
CHMAALA,2013,248,3270,1%,-11%
CHMAALA,2014,230,4314,-7%,32%
CHMAALA,2015,207,3565,-10%,-17%
CHMAALA,2016,197,4460,-5%,25%
CHMAALA,2017,148,3790,-25%,-15%
CHMAALA,2018,100,3620,-32%,-4%
CHMAALA,2019,228,6347,127%,75%
CHMAALA,2020,141,5445,-38%,-14%
CHMAALA,2021,126,7357,-11%,35%
CHMAALA,2022,244,6694,94%,-9%
CHMAALA,2023,204,5078,-17%,-24%
CHMAALA,2024,144,10832,-30%,113%
CHMAALA,2025,496,12420,245%,15%
DAKHLA,2009,45516,252619,,
DAKHLA,2010,173039,438131,280%,73%
DAKHLA,2011,130010,472647,-25%,8%
DAKHLA,2012,210552,641688,62%,36%
DAKHLA,2013,233913,680182,11%,6%
DAKHLA,2014,153519,541665,-34%,-20%
DAKHLA,2015,215075,648954,40%,20%
DAKHLA,2016,169934,585271,-21%,-10%
DAKHLA,2017,160290,676822,-6%,16%
DAKHLA,2018,138994,604134,-13%,-11%
DAKHLA,2019,152190,647384,9%,7%
DAKHLA,2020,132651,596183,-13%,-8%
DAKHLA,2021,149525,701224,13%,18%
DAKHLA,2022,134717,838341,-10%,20%
DAKHLA,2023,153827,961699,14%,15%
DAKHLA,2024,164525,1143368,7%,19%
DAKHLA,2025,117017,1002770,-29%,-12%
DAKHLA(STOCK C),2009,164905,192085,,
DAKHLA(STOCK C),2010,174036,215556,6%,12%
DAKHLA(STOCK C),2011,217982,297694,25%,38%
DAKHLA(STOCK C),2012,260460,344291,19%,16%
DAKHLA(STOCK C),2013,304215,597488,17%,74%
DAKHLA(STOCK C),2014,295868,622095,-3%,4%
DAKHLA(STOCK C),2015,375781,730508,27%,17%
DAKHLA(STOCK C),2016,432790,836267,15%,14%
DAKHLA(STOCK C),2017,425917,770608,-2%,-8%
DAKHLA(STOCK C),2018,429783,766923,1%,0%
DAKHLA(STOCK C),2019,431401,797289,0%,4%
DAKHLA(STOCK C),2020,387669,702286,-10%,-12%
DAKHLA(STOCK C),2021,386533,726428,0%,3%
DAKHLA(STOCK C),2022,416954,838759,8%,15%
DAKHLA(STOCK C),2023,380226,769102,-9%,-8%
DAKHLA(STOCK C),2024,498273,990216,31%,29%
DAKHLA(STOCK C),2025,326284,755400,-35%,-24%
DALIA,2020,16,559,132%,62%
DALIA,2021,17,759,7%,36%
DALIA,2022,25,1312,44%,73%
DALIA,2023,38,1507,52%,15%
DALIA,2024,46,2336,21%,55%
DALIA,2025,35,1630,-26%,-30%
EL JADIDA,2009,2044,22596,,
EL JADIDA,2010,8739,44838,327%,98%
EL JADIDA,2011,6931,37820,-21%,-16%
EL JADIDA,2012,6770,33911,-22%,-22%
EL JADIDA,2013,8798,33023,30%,-3%
EL JADIDA,2014,6761,39741,-23%,20%
EL JADIDA,2015,9141,50531,35%,27%
EL JADIDA,2016,15047,75074,65%,49%
EL JADIDA,2017,14240,70764,-5%,-6%
EL JADIDA,2018,8055,46843,-43%,-34%
EL JADIDA,2019,10748,50101,33%,7%
EL JADIDA,2022,6252,54350,-41%,-24%
EL JADIDA,2023,18389,107260,194%,97%
EL JADIDA,2024,14252,88557,-22%,-17%
EL JADIDA,2025,12060,96258,-15%,9%
ELJADIDA,2020,13016,61102,21%,22%
ELJADIDA,2021,10511,71419,-19%,17%
ESSAOUIRA,2009,5181,56091,,
ESSAOUIRA,2010,10519,90845,103%,62%
ESSAOUIRA,2011,8469,95493,-19%,5%
ESSAOUIRA,2012,10453,108465,23%,14%
ESSAOUIRA,2013,9480,93377,-9%,-14%
ESSAOUIRA,2014,10656,125852,12%,35%
ESSAOUIRA,2015,11511,120639,8%,-4%
ESSAOUIRA,2016,13688,138089,19%,14%
ESSAOUIRA,2017,10542,124092,-23%,-10%
ESSAOUIRA,2018,8699,110557,-17%,-11%
ESSAOUIRA,2019,12014,111582,38%,1%
ESSAOUIRA,2020,19789,122952,65%,10%
ESSAOUIRA,2021,13626,177723,-31%,45%
ESSAOUIRA,2022,16303,173429,20%,-2%
ESSAOUIRA,2023,20046,212956,23%,23%
ESSAOUIRA,2024,25009,290473,25%,36%
ESSAOUIRA,2025,16988,274482,-32%,-6%
FNIDEQ,2009,123,3537,,
FNIDEQ,2010,110,2933,-11%,-17%
FNIDEQ,2011,72,4073,-35%,39%
FNIDEQ,2012,163,4575,127%,12%
FNIDEQ,2013,139,2804,-15%,-39%
FNIDEQ,2014,93,3800,-33%,36%
FNIDEQ,2015,61,2886,-35%,-24%
FNIDEQ,2016,78,3756,29%,30%
FNIDEQ,2017,123,6870,58%,83%
FNIDEQ,2018,66,5767,-47%,-16%
FNIDEQ,2019,82,5184,25%,-10%
FNIDEQ,2020,91,4518,11%,-13%
FNIDEQ,2021,117,8005,28%,77%
FNIDEQ,2022,97,7345,-17%,-8%
FNIDEQ,2023,43,3150,-56%,-57%
FNIDEQ,2024,77,6063,79%,92%
FNIDEQ,2025,78,7125,2%,18%
GREZIME,2022,7,348,-8%,-10%
GREZIME,2023,6,181,-10%,-48%
GREZIME,2024,9,415,58%,130%
GREZIME,2025,12,525,25%,27%
HOCEIMA,2020,2395,88290,-38%,-11%
HOCEIMA,2021,2542,141273,6%,60%
IMESSOUANE,2009,998,10653,,
IMESSOUANE,2010,865,10434,-13%,-2%
IMESSOUANE,2011,1498,13873,73%,33%
IMESSOUANE,2012,1421,15534,-5%,12%
IMESSOUANE,2013,1354,13356,-5%,-14%
IMESSOUANE,2014,1101,11475,-19%,-14%
IMESSOUANE,2015,1123,16958,2%,48%
IMESSOUANE,2016,1065,16524,-5%,-3%
IMESSOUANE,2017,740,12922,-31%,-22%
IMESSOUANE,2018,662,13750,-11%,6%
IMESSOUANE,2019,856,14669,29%,7%
IMESSOUANE,2020,1297,16837,52%,15%
IMESSOUANE,2021,1170,28146,-10%,67%
IMESSOUANE,2022,579,29460,-51%,5%
IMESSOUANE,2023,1140,26642,97%,-10%
IMESSOUANE,2024,2068,32753,81%,23%
IMESSOUANE,2025,1902,31949,-8%,-2%
IMI OUADDAR,2009,209,5879,,
IMI OUADDAR,2010,140,4577,-33%,-22%
IMI OUADDAR,2011,157,8100,12%,77%
IMI OUADDAR,2012,206,10172,31%,26%
IMI OUADDAR,2013,205,6208,-3%,-40%
IMI OUADDAR,2014,286,13125,39%,111%
IMI OUADDAR,2015,243,10572,-15%,-19%
IMI OUADDAR,2016,235,12664,-3%,20%
IMI OUADDAR,2017,202,12819,-14%,1%
IMI OUADDAR,2018,225,18872,12%,47%
IMI OUADDAR,2019,239,15423,6%,-18%
IMI OUADDAR,2022,364,32842,-1%,10%
IMI OUADDAR,2023,365,25590,0%,-22%
IMI OUADDAR,2024,353,28722,-3%,12%
IMI OUADDAR,2025,380,36155,8%,26%
IMIOUADDAR,2020,284,12746,19%,-17%
IMIOUADDAR,2021,369,29923,30%,135%
IMOURANE,2020,12,683,/0,/0
IMOURANE,2021,19,1373,56%,101%
IMOURANE,2022,16,1372,-12%,0%
IMOURANE,2023,12,875,-26%,-36%
IMOURANE,2024,19,1483,55%,69%
IMOURANE,2025,19,1250,-1%,-16%
IMOUTLAN,2009,1117,34915,,
IMOUTLAN,2010,748,28634,-33%,-18%
IMOUTLAN,2011,1045,62657,40%,119%
IMOUTLAN,2012,1267,54920,21%,-12%
IMOUTLAN,2013,1255,39279,-1%,-28%
IMOUTLAN,2014,1214,60350,-3%,54%
IMOUTLAN,2015,1472,78905,21%,31%
IMOUTLAN,2016,1256,64671,-15%,-18%
IMOUTLAN,2017,1547,96407,23%,49%
IMOUTLAN,2018,1059,80122,-32%,-17%
IMOUTLAN,2019,1149,60925,8%,-24%
IMOUTLAN,2020,1314,62085,14%,2%
IMOUTLAN,2021,1680,120736,28%,94%
IMOUTLAN,2022,972,61119,-42%,-49%
IMOUTLAN,2023,1683,137309,73%,125%
IMOUTLAN,2024,1860,137178,11%,0%
IMOUTLAN,2025,1073,99098,-42%,-28%
INOUAREN,2012,12,333,/0,/0
INOUAREN,2013,17,493,38%,48%
INOUAREN,2014,21,932,19%,89%
INOUAREN,2015,15,636,-25%,-32%
INOUAREN,2016,24,1288,58%,103%
INOUAREN,2017,51,3044,110%,136%
INOUAREN,2018,25,2093,-50%,-31%
INOUAREN,2019,35,1886,38%,-10%
INOUAREN,2020,38,1837,9%,-3%
INOUAREN,2021,30,2110,-22%,15%
INOUAREN,2022,16,1258,-45%,-40%
INOUAREN,2023,9,605,-45%,-52%
INOUAREN,2024,16,1110,72%,83%
INOUAREN,2025,31,2108,100%,90%
JEBHA,2009,2412,18945,,
JEBHA,2010,868,7310,-64%,-61%
JEBHA,2011,466,7974,-46%,9%
JEBHA,2012,803,8894,72%,12%
JEBHA,2013,1629,10002,103%,12%
JEBHA,2014,1533,13120,-6%,31%
JEBHA,2015,1925,13033,26%,-1%
JEBHA,2016,2165,14336,12%,10%
JEBHA,2017,1203,17555,-44%,22%
JEBHA,2018,1465,17543,22%,0%
JEBHA,2019,872,9903,-40%,-44%
JEBHA,2020,379,6456,-57%,-35%
JEBHA,2021,501,14857,32%,130%
JEBHA,2022,438,13634,-13%,-8%
JEBHA,2023,359,13134,-18%,-4%
JEBHA,2024,618,23117,72%,76%
JEBHA,2025,672,23241,9%,1%
JORF LASFAR,2009,4987,50320,,
JORF LASFAR,2010,14785,67308,197%,34%
JORF LASFAR,2011,18016,86412,22%,28%
JORF LASFAR,2012,18079,95153,0%,10%
JORF LASFAR,2013,17593,86762,-3%,-9%
JORF LASFAR,2014,14790,82093,-16%,-5%
JORF LASFAR,2015,16268,89072,10%,9%
JORF LASFAR,2016,17618,81882,8%,-8%
JORF LASFAR,2017,17431,79264,-1%,-3%
JORF LASFAR,2018,11680,58390,-33%,-26%
JORF LASFAR,2019,15394,70557,32%,21%
JORF LASFAR,2022,13365,69994,-21%,-12%
JORF LASFAR,2023,22982,92328,72%,32%
JORF LASFAR,2024,20003,102881,-13%,11%
JORF LASFAR,2025,20156,98381,1%,-4%
JORFLASFAR,2020,15037,60365,-2%,-14%
JORFLASFAR,2021,16993,79396,13%,32%
KAA ASRAS,2014,780,7699,466%,256%
KAA ASRAS,2015,474,4700,-39%,-39%
KAA ASRAS,2016,367,5477,-23%,17%
KAA ASRAS,2017,429,5843,17%,7%
KAA ASRAS,2018,148,4536,-65%,-22%
KAA ASRAS,2019,266,5941,79%,31%
KAA ASRAS,2020,487,6576,83%,11%
KAA ASRAS,2021,283,8435,-42%,28%
KAA ASRAS,2022,360,7228,27%,-14%
KAA ASRAS,2023,301,5133,-16%,-29%
KAA ASRAS,2024,106,7771,-65%,51%
KAA ASRAS,2025,312,7629,194%,-2%
KSAR SGHIR,2009,9,286,,
KSAR SGHIR,2010,126,5207,1370%,1719%
KSAR SGHIR,2011,105,4215,-17%,-19%
KSAR SGHIR,2012,161,6911,54%,64%
KSAR SGHIR,2013,114,5172,-29%,-25%
KSAR SGHIR,2014,123,5682,7%,10%
KSAR SGHIR,2015,96,4471,-22%,-21%
KSAR SGHIR,2016,117,5726,22%,28%
KSAR SGHIR,2017,132,6906,13%,21%
KSAR SGHIR,2018,150,7992,13%,16%
KSAR SGHIR,2019,175,8713,17%,9%
KSAR SGHIR,2022,173,9271,11%,25%
KSAR SGHIR,2023,183,7212,6%,-22%
KSAR SGHIR,2024,226,13250,23%,84%
KSAR SGHIR,2025,209,12005,-7%,-9%
KSARSGHIR,2020,150,4277,-14%,-51%
KSARSGHIR,2021,156,7435,4%,74%
LAAYOUNE,2009,378434,748033,,
LAAYOUNE,2010,285719,528336,-24%,-29%
LAAYOUNE,2011,234707,639375,-18%,21%
LAAYOUNE,2012,253558,661374,8%,3%
LAAYOUNE,2013,296070,798239,17%,21%
LAAYOUNE,2014,346481,1027343,17%,29%
LAAYOUNE,2015,311493,1199868,-10%,17%
LAAYOUNE,2016,403594,1503089,30%,25%
LAAYOUNE,2017,371584,1533135,-8%,2%
LAAYOUNE,2018,359800,1607849,-3%,5%
LAAYOUNE,2019,360518,1526685,0%,-5%
LAAYOUNE,2020,310530,1371385,-14%,-10%
LAAYOUNE,2021,285802,1586661,-8%,16%
LAAYOUNE,2022,361283,1752545,26%,10%
LAAYOUNE,2023,254813,1609872,-29%,-8%
LAAYOUNE,2024,178934,1487280,-30%,-8%
LAAYOUNE,2025,209954,1564733,17%,5%
LAAYOUNE(STOCK C),2009,17742,30465,,
LAAYOUNE(STOCK C),2010,0,0,-100%,-100%
LABOUIRDA,2009,4088,117110,,
LABOUIRDA,2010,2500,76953,-39%,-34%
LABOUIRDA,2011,4128,211071,65%,174%
LABOUIRDA,2012,4727,170568,15%,-19%
LABOUIRDA,2013,7133,178423,51%,5%
LABOUIRDA,2014,6178,195112,-13%,9%
LABOUIRDA,2015,8254,273527,34%,40%
LABOUIRDA,2016,7647,243803,-7%,-11%
LABOUIRDA,2017,7339,287407,-4%,18%
LABOUIRDA,2018,6406,221629,-13%,-23%
LABOUIRDA,2019,6307,193983,-2%,-12%
LABOUIRDA,2020,7033,187478,12%,-3%
LABOUIRDA,2021,8412,348289,20%,86%
LABOUIRDA,2022,6940,291930,-18%,-16%
LABOUIRDA,2023,7699,391148,11%,34%
LABOUIRDA,2024,6254,374236,-19%,-4%
LABOUIRDA,2025,5371,305968,-14%,-18%
LACRAA(CAP 7),2009,1520,47569,,
LACRAA(CAP 7),2010,1379,48649,-9%,2%
LACRAA(CAP 7),2011,1211,67264,-12%,38%
LACRAA(CAP 7),2012,1031,50266,-15%,-25%
LACRAA(CAP 7),2013,1939,59725,88%,19%
LACRAA(CAP 7),2014,1818,77270,-6%,29%
LACRAA(CAP 7),2015,2073,93003,14%,20%
LACRAA(CAP 7),2016,2675,121872,29%,31%
LACRAA(CAP 7),2017,2450,134766,-8%,11%
LACRAA(CAP 7),2018,3022,117247,23%,-13%
LACRAA(CAP 7),2019,3814,148804,26%,27%
LACRAA(CAP 7),2020,4315,170801,13%,15%
LACRAA(CAP 7),2021,4374,243969,1%,43%
LACRAA(CAP 7),2022,4658,216652,6%,-11%
LACRAA(CAP 7),2023,6218,400848,34%,85%
LACRAA(CAP 7),2024,7197,404744,16%,1%
LACRAA(CAP 7),2025,6310,312266,-12%,-23%
LAHDIDA,2012,0,0,-100%,-100%
LAHDIDA,2013,0,0,-100%,-100%
LAHDIDA,2014,7,211,-100%,-96%
LAHDIDA,2015,1348,4380,18204%,1980%
LAHDIDA,2016,766,2687,-43%,-39%
LAHDIDA,2017,1419,5229,85%,95%
LAHDIDA,2018,13,52,-99%,-99%
LAHDIDA,2019,884,3669,87%,133%
LAHDIDA,2020,1305,6840,48%,86%
LAHDIDA,2021,1515,15693,16%,129%
LAHDIDA,2022,283,7986,-81%,-49%
LAHDIDA,2023,2368,16802,735%,110%
LAHDIDA,2024,750,8322,-68%,-50%
LAHDIDA,2025,1361,21715,81%,161%
LAKRAA,2009,517,15802,,
LAKRAA,2010,687,20559,33%,30%
LAKRAA,2011,797,17495,16%,-15%
LAKRAA,2012,692,22975,-13%,31%
LAKRAA,2013,874,21204,26%,-8%
LAKRAA,2014,841,18836,-4%,-11%
LAKRAA,2015,735,17744,-13%,-6%
LAKRAA,2016,1081,29514,47%,66%
LAKRAA,2017,3067,53347,184%,81%
LAKRAA,2018,1005,22501,-67%,-58%
LAKRAA,2019,894,26149,-11%,16%
LAKRAA,2020,659,24547,-26%,-6%
LAKRAA,2021,498,22087,-25%,-10%
LAKRAA,2022,751,56388,51%,155%
LAKRAA,2023,1369,73298,82%,30%
LAKRAA,2024,1306,60238,-5%,-18%
LAKRAA,2025,1018,46997,-22%,-22%
LARACHE,2009,12893,115687,,
LARACHE,2010,13807,145827,7%,26%
LARACHE,2011,20452,195609,48%,34%
LARACHE,2012,18507,161003,-10%,-18%
LARACHE,2013,20297,205021,10%,27%
LARACHE,2014,11832,182647,-42%,-11%
LARACHE,2015,17052,226014,44%,24%
LARACHE,2016,10196,178055,-40%,-21%
LARACHE,2017,12775,186851,25%,5%
LARACHE,2018,8734,154323,-32%,-17%
LARACHE,2019,10419,175213,19%,14%
LARACHE,2020,10427,153485,-15%,-19%
LARACHE,2021,12146,229332,16%,49%
LARACHE,2022,11015,253549,-9%,11%
LARACHE,2023,12431,289925,13%,14%
LARACHE,2024,12989,281712,4%,-3%
LARACHE,2025,12663,292847,-3%,4%
LASSARGA,2009,5503,160995,,
LASSARGA,2010,3532,130705,-36%,-19%
LASSARGA,2011,5259,321404,49%,146%
LASSARGA,2012,5776,241850,10%,-25%
LASSARGA,2013,6147,215659,6%,-11%
LASSARGA,2014,5958,276253,-3%,28%
LASSARGA,2015,7138,370956,20%,34%
LASSARGA,2016,4883,273385,-32%,-26%
LASSARGA,2017,5242,391726,7%,43%
LASSARGA,2018,4063,315136,-22%,-20%
LASSARGA,2019,4901,290177,21%,-8%
LASSARGA,2020,9592,303305,96%,5%
LASSARGA,2021,14500,509571,51%,68%
LASSARGA,2022,9295,480512,-36%,-6%
LASSARGA,2023,18625,548349,100%,14%
LASSARGA,2024,18353,586172,-1%,7%
LASSARGA,2025,12399,444540,-32%,-24%
LMHIRIZ,2009,1551,17040,,
LMHIRIZ,2010,1383,20620,-11%,21%
LMHIRIZ,2011,1446,24143,5%,17%
LMHIRIZ,2012,1699,31139,17%,29%
LMHIRIZ,2013,1646,25166,-6%,-21%
LMHIRIZ,2014,2256,38861,37%,54%
LMHIRIZ,2015,3175,48134,41%,24%
LMHIRIZ,2016,3516,59052,11%,23%
LMHIRIZ,2017,3199,37524,-9%,-36%
LMHIRIZ,2018,3249,34773,2%,-7%
LMHIRIZ,2019,5694,85325,75%,145%
LMHIRIZ,2020,4600,53614,-19%,-37%
LMHIRIZ,2021,5072,68331,10%,27%
LMHIRIZ,2022,7471,111868,47%,64%
LMHIRIZ,2023,3189,82118,-57%,-27%
LMHIRIZ,2024,3560,78237,12%,-5%
LMHIRIZ,2025,2878,58965,-19%,-25%
M'DIQ,2009,6297,68258,,
M'DIQ,2010,5298,68715,-16%,1%
M'DIQ,2011,4382,77603,-17%,13%
M'DIQ,2012,5760,72011,31%,-7%
M'DIQ,2013,6876,82228,19%,14%
M'DIQ,2014,5038,78517,-27%,-5%
M'DIQ,2015,3601,64898,-29%,-17%
M'DIQ,2016,3627,73723,1%,14%
M'DIQ,2017,2757,69945,-24%,-5%
M'DIQ,2018,3794,82364,38%,18%
M'DIQ,2019,3617,75731,-5%,-8%
M'DIQ,2022,2301,65568,-1%,-15%
M'DIQ,2023,2408,73494,5%,12%
M'DIQ,2024,1877,79741,-22%,8%
M'DIQ,2025,2610,94729,39%,19%
MARTIL,2009,11,367,,
MARTIL,2010,1,27,-91%,-93%
MARTIL,2011,20,1043,1999%,3714%
MARTIL,2012,145,4666,644%,347%
MARTIL,2013,128,3124,-12%,-33%
MARTIL,2014,101,4002,-21%,28%
MARTIL,2015,68,2993,-33%,-25%
MARTIL,2016,159,7190,134%,140%
MARTIL,2017,153,8504,-3%,18%
MARTIL,2018,98,8394,-36%,-1%
MARTIL,2019,113,6730,14%,-20%
MARTIL,2020,230,8335,105%,24%
MARTIL,2021,207,13859,-10%,66%
MARTIL,2022,186,12739,-10%,-8%
MARTIL,2023,110,7741,-41%,-39%
MARTIL,2024,145,10814,32%,40%
MARTIL,2025,170,10374,17%,-4%
MDIQ,2020,2696,68977,-25%,-9%
MDIQ,2021,2335,77406,-13%,12%
MEDITERRANEE,2009,38917,364799,,
MEDITERRANEE,2010,32675,374078,-16%,3%
MEDITERRANEE,2011,25771,393599,-21%,5%
MEDITERRANEE,2012,26645,319497,3%,-19%
MEDITERRANEE,2013,33955,400359,26%,23%
MEDITERRANEE,2014,30970,489788,-9%,21%
MEDITERRANEE,2015,26334,404826,-15%,-17%
MEDITERRANEE,2016,22380,379239,-15%,-6%
MEDITERRANEE,2017,24925,641131,-23%,6%
MEDITERRANEE,2018,25907,628834,4%,-2%
MEDITERRANEE,2019,23521,558013,-9%,-11%
MEDITERRANEE,2020,19621,482909,-17%,-13%
MEDITERRANEE,2021,19414,683508,-1%,41%
MEDITERRANEE,2022,18318,611161,-6%,-11%
MEDITERRANEE,2023,16981,586934,-7%,-4%
MEDITERRANEE,2024,14105,633497,-17%,8%
MEDITERRANEE,2025,15069,651156,7%,3%
MEHDIA,2009,5014,47624,,
MEHDIA,2010,11849,74183,136%,56%
MEHDIA,2011,5829,66845,-51%,-10%
MEHDIA,2012,7629,64920,31%,-3%
MEHDIA,2013,6943,62493,-9%,-4%
MEHDIA,2014,6645,60867,-4%,-3%
MEHDIA,2015,5904,65803,-11%,8%
MEHDIA,2016,4507,53229,-24%,-19%
MEHDIA,2017,9413,78433,109%,47%
MEHDIA,2018,9120,61091,-3%,-22%
MEHDIA,2019,11832,60032,30%,-2%
MEHDIA,2020,10360,49285,-12%,-18%
MEHDIA,2021,12052,93615,16%,90%
MEHDIA,2022,10761,84561,-11%,-10%
MEHDIA,2023,17179,99344,60%,17%
MEHDIA,2024,14141,85526,-18%,-14%
MEHDIA,2025,14404,96396,2%,13%
MOHAMMEDIA,2009,1811,24984,,
MOHAMMEDIA,2010,3612,30308,99%,21%
MOHAMMEDIA,2011,2457,23881,-32%,-21%
MOHAMMEDIA,2012,2684,22516,9%,-6%
MOHAMMEDIA,2013,2942,24924,10%,11%
MOHAMMEDIA,2014,2483,20719,-16%,-17%
MOHAMMEDIA,2015,2050,17700,-17%,-15%
MOHAMMEDIA,2016,3188,22852,55%,29%
MOHAMMEDIA,2017,3254,19756,2%,-14%
MOHAMMEDIA,2018,1965,13951,-40%,-29%
MOHAMMEDIA,2019,2947,20341,50%,46%
MOHAMMEDIA,2020,2933,17808,0%,-12%
MOHAMMEDIA,2021,2980,24197,2%,36%
MOHAMMEDIA,2022,4928,30610,65%,27%
MOHAMMEDIA,2023,7835,43057,59%,41%
MOHAMMEDIA,2024,8680,52017,11%,21%
MOHAMMEDIA,2025,9953,61286,15%,18%
MOULAY BOUSSELHA,2012,0,0,-100%,-100%
MOULAY BOUSSELHA,2015,78,2472,/0,/0
MOULAY BOUSSELHA,2016,118,3513,44%,33%
MOULAY BOUSSELHA,2017,92,3408,-22%,-3%
MOULAY BOUSSELHA,2018,60,3026,-35%,-11%
MOULAY BOUSSELHA,2019,62,3227,3%,7%
MOULAY BOUSSELHA,2022,99,8646,5%,23%
MOULAY BOUSSELHA,2023,83,5991,-16%,-31%
MOULAY BOUSSELHA,2024,140,10030,68%,67%
MOULAY BOUSSELHA,2025,184,16337,31%,63%
MOULAY BOUSSELHAM,2009,0,0,,
MOULAY BOUSSELHAM,2010,247,8005,/0,/0
MOULAY BOUSSELHAM,2011,8,270,-97%,-97%
MY BOUSSELHAM,2020,48,2637,-23%,-18%
MY BOUSSELHAM,2021,95,7039,99%,167%
NADOR,2009,13606,135744,,
NADOR,2010,11359,151848,-17%,12%
NADOR,2011,8727,154105,-23%,1%
NADOR,2012,9239,119937,6%,-22%
NADOR,2013,11965,168623,30%,41%
NADOR,2014,10102,184252,-16%,9%
NADOR,2015,9251,152506,-8%,-17%
NADOR,2016,8079,128430,-13%,-16%
NADOR,2017,5962,136220,-26%,6%
NADOR,2018,6255,141999,5%,4%
NADOR,2019,5733,111471,-8%,-21%
NADOR,2020,5039,107325,-12%,-4%
NADOR,2021,4251,140838,-16%,31%
NADOR,2022,4141,116859,-3%,-17%
NADOR,2023,4281,131112,3%,12%
NADOR,2024,3762,147287,-12%,12%
NADOR,2025,3273,138762,-13%,-6%
NTIREFT,2020,5063,187475,37%,7%
NTIREFT,2021,6813,343211,35%,83%
NTIRIFT,2009,4652,137946,,
NTIRIFT,2010,2074,63530,-55%,-54%
NTIRIFT,2011,2774,189667,34%,199%
NTIRIFT,2012,3837,163514,38%,-14%
NTIRIFT,2013,4487,159607,17%,-2%
NTIRIFT,2014,4246,190439,-5%,19%
NTIRIFT,2015,5088,246115,20%,29%
NTIRIFT,2016,4304,210389,-15%,-15%
NTIRIFT,2017,4196,213879,-3%,2%
NTIRIFT,2018,4028,209027,-4%,-2%
NTIRIFT,2019,3694,174501,-8%,-17%
NTIRIFT,2022,5279,277399,-23%,-19%
NTIRIFT,2023,7753,345475,47%,25%
NTIRIFT,2024,10696,374618,38%,8%
NTIRIFT,2025,17521,323662,64%,-14%
OUED LAOU,2009,1050,3138,,
OUED LAOU,2010,1141,4018,9%,28%
OUED LAOU,2011,1035,3883,-9%,-3%
OUED LAOU,2012,364,1364,-65%,-65%
OUED LAOU,2013,402,1506,10%,10%
OUED LAOU,2014,261,3339,-35%,122%
OUED LAOU,2015,299,3803,14%,14%
OUED LAOU,2016,228,5553,-24%,46%
OUED LAOU,2017,493,6033,117%,9%
OUED LAOU,2018,406,4265,-18%,-29%
OUED LAOU,2019,484,8599,19%,102%
OUED LAOU,2020,533,6655,10%,-23%
OUED LAOU,2021,405,9711,-24%,46%
OUED LAOU,2022,271,7913,-33%,-19%
OUED LAOU,2023,273,4134,1%,-48%
OUED LAOU,2024,101,8297,-63%,101%
OUED LAOU,2025,97,7081,-3%,-15%
OUGNIT,2009,111,3969,,
OUGNIT,2010,141,5412,28%,36%
OUGNIT,2011,124,5439,-12%,0%
OUGNIT,2012,100,3851,-19%,-29%
OUGNIT,2013,49,2146,-51%,-44%
OUGNIT,2014,48,1726,-3%,-20%
OUGNIT,2015,18,573,-61%,-67%
OUGNIT,2016,0,0,-100%,-100%
RAS KABDANA,2020,950,18075,-15%,-8%
RAS KABDANA,2021,870,25035,-8%,39%
RAS KEBDANA,2009,2083,12396,,
RAS KEBDANA,2010,1764,13315,-15%,7%
RAS KEBDANA,2011,1325,13257,-25%,0%
RAS KEBDANA,2012,1851,13005,40%,-2%
RAS KEBDANA,2013,2034,13598,10%,5%
RAS KEBDANA,2014,3028,28700,49%,111%
RAS KEBDANA,2015,2417,26329,-20%,-8%
RAS KEBDANA,2016,1813,22871,-25%,-13%
RAS KEBDANA,2017,1373,23154,-24%,1%
RAS KEBDANA,2018,1443,22179,5%,-4%
RAS KEBDANA,2019,1114,19620,-23%,-12%
RAS KEBDANA,2022,643,19531,-26%,-22%
RAS KEBDANA,2023,591,18286,-8%,-6%
RAS KEBDANA,2024,654,18040,11%,-1%
RAS KEBDANA,2025,566,18827,-13%,4%
RKOUNT,2020,17,772,-8%,-30%
RKOUNT,2021,15,1198,-13%,55%
RKOUNTE,2009,16,361,,
RKOUNTE,2010,12,472,-28%,31%
RKOUNTE,2011,18,1138,54%,141%
RKOUNTE,2012,19,863,4%,-24%
RKOUNTE,2013,8,319,-57%,-63%
RKOUNTE,2014,20,1327,154%,316%
RKOUNTE,2015,9,407,-55%,-69%
RKOUNTE,2016,17,1010,88%,148%
RKOUNTE,2017,14,890,-17%,-12%
RKOUNTE,2018,5,374,-67%,-58%
RKOUNTE,2019,18,1106,295%,196%
RKOUNTE,2022,8,620,-48%,-48%
RKOUNTE,2023,11,651,45%,5%
RKOUNTE,2024,10,770,-8%,18%
RKOUNTE,2025,11,819,6%,6%
SAFI,2009,18840,166676,,
SAFI,2010,31958,180334,70%,8%
SAFI,2011,24861,186863,-22%,4%
SAFI,2012,34270,218089,38%,17%
SAFI,2013,28659,204043,-16%,-6%
SAFI,2014,28486,177538,-1%,-13%
SAFI,2015,38931,203951,37%,15%
SAFI,2016,35462,254851,-9%,25%
SAFI,2017,39857,223914,12%,-12%
SAFI,2018,40325,250566,1%,12%
SAFI,2019,51197,267471,27%,7%
SAFI,2020,70840,299956,38%,12%
SAFI,2021,64276,368782,-9%,23%
SAFI,2022,70281,363716,9%,-1%
SAFI,2023,59315,300095,-16%,-17%
SAFI,2024,51113,313135,-14%,4%
SAFI,2025,54801,350914,7%,12%
SALE,2015,120,4890,/0,/0
SALE,2016,107,6564,-11%,34%
SALE,2017,77,6341,-27%,-3%
SALE,2018,51,4718,-34%,-26%
SALE,2019,120,6425,135%,36%
SALE,2020,101,4629,-16%,-28%
SALE,2021,229,19391,128%,319%
SALE,2022,205,20463,-11%,6%
SALE,2023,172,16415,-16%,-20%
SALE,2024,167,15568,-3%,-5%
SALE,2025,217,23722,30%,52%
SID ELGHAZI,2009,589,20044,,
SID ELGHAZI,2010,885,29321,50%,46%
SID ELGHAZI,2011,1064,53684,20%,83%
SID ELGHAZI,2012,813,28995,-24%,-46%
SID ELGHAZI,2013,927,28836,14%,-1%
SID ELGHAZI,2014,1014,35993,9%,25%
SID ELGHAZI,2015,1521,48765,50%,35%
SID ELGHAZI,2016,1010,46868,-34%,-4%
SID ELGHAZI,2017,1111,59885,10%,28%
SID ELGHAZI,2018,804,48390,-28%,-19%
SID ELGHAZI,2019,1316,51571,64%,7%
SID ELGHAZI,2022,1345,91057,-22%,-1%
SID ELGHAZI,2023,1451,74735,8%,-18%
SID ELGHAZI,2024,1744,105282,20%,41%
SID ELGHAZI,2025,1203,83281,-31%,-21%
SIDI ABED,2012,0,0,-100%,-100%
SIDI ABED,2013,0,0,-100%,-100%
SIDI ABED,2014,293,3300,-89%,-63%
SIDI ABED,2015,2587,12159,783%,268%
SIDI ABED,2016,3286,15775,27%,30%
SIDI ABED,2017,4870,18621,48%,18%
SIDI ABED,2018,2919,14150,-40%,-24%
SIDI ABED,2019,2533,12872,-13%,-9%
SIDI ABED,2022,1053,9091,-67%,-52%
SIDI ABED,2023,5582,21597,430%,138%
SIDI ABED,2024,2482,11009,-56%,-49%
SIDI ABED,2025,1818,8510,-27%,-23%
SIDI BOULFDAIL,2009,94,1795,,
SIDI BOULFDAIL,2010,162,3307,73%,84%
SIDI BOULFDAIL,2011,149,4369,-8%,32%
SIDI BOULFDAIL,2012,154,4296,4%,-2%
SIDI BOULFDAIL,2013,151,3945,-4%,-10%
SIDI BOULFDAIL,2014,154,5628,2%,43%
SIDI BOULFDAIL,2015,178,4340,16%,-23%
SIDI BOULFDAIL,2016,176,4934,-1%,14%
SIDI BOULFDAIL,2017,149,5048,-15%,2%
SIDI BOULFDAIL,2018,83,4586,-44%,-9%
SIDI BOULFDAIL,2019,91,3915,10%,-15%
SIDI BOULFDAIL,2022,49,3330,-31%,-29%
SIDI BOULFDAIL,2023,43,2531,-12%,-24%
SIDI BOULFDAIL,2024,90,5099,106%,101%
SIDI BOULFDAIL,2025,82,5241,-8%,3%
SIDI H'SAINE,2009,1278,5441,,
SIDI H'SAINE,2010,959,5445,-25%,0%
SIDI H'SAINE,2011,465,4859,-52%,-11%
SIDI H'SAINE,2012,814,4838,75%,0%
SIDI H'SAINE,2013,723,3293,-11%,-32%
SIDI H'SAINE,2014,74,2852,-90%,-13%
SIDI H'SAINE,2015,109,6108,46%,114%
SIDI H'SAINE,2016,97,5692,-10%,-7%
SIDI H'SAINE,2017,139,9800,43%,72%
SIDI H'SAINE,2018,107,9377,-23%,-4%
SIDI H'SAINE,2019,86,5885,-20%,-37%
SIDI H'SAINE,2022,157,10811,6%,13%
SIDI H'SAINE,2023,167,10325,6%,-4%
SIDI H'SAINE,2024,129,9527,-22%,-8%
SIDI H'SAINE,2025,140,10010,8%,5%
SIDI IFNI,2009,30867,83730,,
SIDI IFNI,2010,41481,117289,34%,40%
SIDI IFNI,2011,9076,52668,-78%,-55%
SIDI IFNI,2012,22724,91868,150%,74%
SIDI IFNI,2013,11699,58598,-49%,-36%
SIDI IFNI,2014,20184,84838,73%,45%
SIDI IFNI,2015,11180,63946,-45%,-25%
SIDI IFNI,2016,13247,76590,18%,20%
SIDI IFNI,2017,22617,112388,71%,47%
SIDI IFNI,2018,26713,142194,18%,27%
SIDI IFNI,2019,42108,193088,58%,36%
SIDI IFNI,2022,76145,300698,57%,49%
SIDI IFNI,2023,61527,283704,-19%,-6%
SIDI IFNI,2024,63361,275514,3%,-3%
SIDI IFNI,2025,26427,193325,-58%,-30%
SIDIABED,2020,4001,19679,58%,53%
SIDIABED,2021,3234,18935,-19%,-4%
SIDIBOULFDAIL,2020,77,2605,-16%,-33%
SIDIBOULFDAIL,2021,71,4663,-7%,79%
SIDIELGHAZI,2020,1737,52994,32%,3%
SIDIELGHAZI,2021,1716,91938,-1%,73%
SIDIHSAINE,2020,100,5366,16%,-9%
SIDIHSAINE,2021,148,9578,49%,78%
SIDIIFNI,2020,44317,168874,5%,-13%
SIDIIFNI,2021,48414,201687,9%,19%
SKHIRAT,2009,527,14914,,
SKHIRAT,2010,588,13286,12%,-11%
SKHIRAT,2011,822,9429,40%,-29%
SKHIRAT,2012,506,7077,-38%,-25%
SKHIRAT,2013,615,11765,22%,66%
SKHIRAT,2014,87,3049,-86%,-74%
SKHIRAT,2015,217,1083,149%,-64%
SKHIRAT,2016,153,1172,-29%,8%
SKHIRAT,2017,4,289,-97%,-75%
SKHIRAT,2018,168,1047,4110%,263%
SKHIRAT,2019,174,1050,3%,0%
SKHIRAT,2020,182,988,5%,-6%
SKHIRAT,2021,206,3117,13%,215%
SKHIRAT,2022,258,3618,25%,16%
SKHIRAT,2023,444,3336,72%,-8%
SKHIRAT,2024,208,2368,-53%,-29%
SKHIRAT,2025,205,2990,-2%,26%
SOUIRIA KDIMA,2009,1455,38749,,
SOUIRIA KDIMA,2010,949,27095,-35%,-30%
SOUIRIA KDIMA,2011,787,29088,-17%,7%
SOUIRIA KDIMA,2012,1007,33915,28%,17%
SOUIRIA KDIMA,2013,1525,39038,51%,15%
SOUIRIA KDIMA,2014,1271,42123,-17%,8%
SOUIRIA KDIMA,2015,1623,36774,28%,-13%
SOUIRIA KDIMA,2016,2030,48564,25%,32%
SOUIRIA KDIMA,2017,2061,43078,2%,-11%
SOUIRIA KDIMA,2018,1527,40927,-26%,-5%
SOUIRIA KDIMA,2019,1314,41365,-14%,1%
SOUIRIA KDIMA,2020,1480,36217,13%,-12%
SOUIRIA KDIMA,2021,1533,60260,-6%,64%
SOUIRIA KDIMA,2022,1889,60592,23%,1%
SOUIRIA KDIMA,2023,3262,52035,73%,-14%
SOUIRIA KDIMA,2024,1964,56800,-40%,9%
SOUIRIA KDIMA,2025,1928,59631,-2%,5%
TAFEDNA,2014,431,10540,125%,166%
TAFEDNA,2015,282,8657,-35%,-18%
TAFEDNA,2016,283,9437,0%,9%
TAFEDNA,2017,311,11648,10%,23%
TAFEDNA,2018,244,11103,-21%,-5%
TAFEDNA,2019,278,10671,14%,-4%
TAFEDNA,2020,292,9534,5%,-11%
TAFEDNA,2021,285,15472,-2%,62%
TAFEDNA,2022,310,20471,9%,32%
TAFEDNA,2023,298,16829,-4%,-18%
TAFEDNA,2024,376,23066,26%,37%
TAFEDNA,2025,250,17879,-33%,-22%
TAGHAZOUT,2009,119,2845,,
TAGHAZOUT,2010,91,1836,-24%,-35%
TAGHAZOUT,2011,100,3220,10%,75%
TAGHAZOUT,2012,84,3253,-16%,1%
TAGHAZOUT,2013,59,1906,-29%,-41%
TAGHAZOUT,2014,59,2798,-1%,47%
TAGHAZOUT,2015,75,2644,28%,-5%
TAGHAZOUT,2016,46,2438,-38%,-8%
TAGHAZOUT,2017,36,2282,-22%,-6%
TAGHAZOUT,2018,46,3879,29%,70%
TAGHAZOUT,2019,72,4614,55%,19%
TAGHAZOUT,2020,72,2493,1%,-46%
TAGHAZOUT,2021,94,6673,30%,168%
TAGHAZOUT,2022,76,6458,-20%,-3%
TAGHAZOUT,2023,68,4812,-11%,-25%
TAGHAZOUT,2024,82,5875,21%,22%
TAGHAZOUT,2025,50,5307,-39%,-10%
TAN TAN,2009,215277,484174,,
TAN TAN,2010,180840,458760,-16%,-5%
TAN TAN,2011,100242,432527,-45%,-6%
TAN TAN,2012,128752,494871,28%,14%
TAN TAN,2013,79990,399341,-38%,-19%
TAN TAN,2014,228494,603798,186%,51%
TAN TAN,2015,76861,354804,-66%,-41%
TAN TAN,2016,92980,392326,21%,11%
TAN TAN,2017,51384,385866,-45%,-2%
TAN TAN,2018,119351,683682,132%,77%
TAN TAN,2019,117643,647830,-1%,-5%
TAN TAN,2022,144249,907973,17%,14%
TAN TAN,2023,102784,855742,-29%,-6%
TAN TAN,2024,56355,777951,-45%,-9%
TAN TAN,2025,93063,1045979,65%,34%
TANGER,2009,8858,194978,,
TANGER,2010,7558,183708,-15%,-6%
TANGER,2011,7596,185317,1%,1%
TANGER,2012,9077,132288,19%,-29%
TANGER,2013,10465,176241,15%,33%
TANGER,2014,12890,226146,23%,28%
TANGER,2015,12124,251429,-6%,11%
TANGER,2016,10084,222942,-17%,-11%
TANGER,2017,6552,193836,-35%,-13%
TANGER,2018,6061,187552,-7%,-3%
TANGER,2019,5688,175712,-6%,-6%
TANGER,2020,5439,134127,-4%,-24%
TANGER,2021,6719,193676,24%,44%
TANGER,2022,6076,190576,-10%,-2%
TANGER,2023,5014,167868,-17%,-12%
TANGER,2024,3451,146693,-31%,-13%
TANGER,2025,3416,161669,-1%,10%
TANTAN,2020,96719,526640,-18%,-19%
TANTAN,2021,123138,793923,27%,51%
TARFAYA,2009,6839,43719,,
TARFAYA,2010,1101,34835,-84%,-20%
TARFAYA,2011,1063,54749,-3%,57%
TARFAYA,2012,1218,46521,15%,-15%
TARFAYA,2013,2507,44201,106%,-5%
TARFAYA,2014,13137,57498,322%,26%
TARFAYA,2015,30104,95985,129%,67%
TARFAYA,2016,17772,105764,-41%,10%
TARFAYA,2017,18499,152279,4%,44%
TARFAYA,2018,12894,242312,-30%,59%
TARFAYA,2019,27537,225694,114%,-7%
TARFAYA,2020,18762,135147,-32%,-40%
TARFAYA,2021,16674,231524,-11%,71%
TARFAYA,2022,70946,417083,325%,80%
TARFAYA,2023,36041,283022,-49%,-32%
TARFAYA,2024,18259,314862,-49%,11%
TARFAYA,2025,26101,381020,43%,21%
TARGHA,2014,135,1820,498%,326%
TARGHA,2015,67,1168,-50%,-36%
TARGHA,2016,85,1768,27%,51%
TARGHA,2017,132,1623,55%,-8%
TARGHA,2018,114,1496,-14%,-8%
TARGHA,2019,424,3475,272%,132%
TARGHA,2020,464,3411,10%,-2%
TARGHA,2021,244,3221,-48%,-6%
TARGHA,2022,448,4216,84%,31%
TARGHA,2023,402,3037,-10%,-28%
TARGHA,2024,63,2832,-84%,-7%
TARGHA,2025,282,4446,346%,57%
TAROUMA,2015,382,12961,553%,378%
TAROUMA,2016,329,13885,-14%,7%
TAROUMA,2017,434,27900,32%,101%
TAROUMA,2018,388,33641,-10%,21%
TAROUMA,2019,419,25486,8%,-24%
TAROUMA,2020,453,24139,8%,-5%
TAROUMA,2021,448,34579,-1%,43%
TAROUMA,2022,401,29439,-10%,-15%
TAROUMA,2023,438,31900,9%,8%
TAROUMA,2024,511,35488,17%,11%
TAROUMA,2025,478,38395,-7%,8%
TIFNIT,2012,18,581,/0,/0
TIFNIT,2013,158,6316,48%,20%
TIFNIT,2014,154,7440,-2%,18%
TIFNIT,2015,134,5562,-13%,-25%
TIFNIT,2016,83,3955,-38%,-29%
TIFNIT,2017,74,4057,-11%,3%
TIFNIT,2018,81,6374,10%,57%
TIFNIT,2019,110,5696,35%,-11%
TIFNIT,2020,107,4965,-3%,-13%
TIFNIT,2021,170,13898,59%,180%
TIFNIT,2022,201,14727,18%,6%
TIFNIT,2023,206,13525,3%,-8%
TIFNIT,2024,189,14773,-8%,9%
TIFNIT,2025,120,11605,-37%,-21%
Total General,2009,1067277,4256355,,
Total General,2010,1086249,4225388,2%,-1%
Total General,2011,908258,5010757,-16%,19%
Total General,2012,1116650,5119114,22%,2%
Total General,2013,1172973,5448907,5%,6%
Total General,2014,1287179,6034509,9%,10%
Total General,2015,1288948,6586133,0%,9%
Total General,2016,1383215,6845704,7%,4%
Total General,2017,1310495,7285420,-5%,6%
Total General,2018,1311164,7345939,0%,1%
Total General,2019,1393765,7327479,6%,0%
Total General,2020,1296358,6720561,-7%,-8%
Total General,2021,1332765,9110293,3%,36%
Total General,2022,1511267,9705171,13%,7%
Total General,2023,1350190,9980265,-11%,3%
Total General,2024,1336090,10548655,-1%,6%
Total General,2025,1132801,10111850,-15%,-4%
