Espece,Annee,Poids_Tonnes,Valeur_KDH,Variation_Poids,Variation_Valeur
ABADECHE,2009,4769,39428,,
ABADECHE,2010,3478,28703,-27%,-27%
ABADECHE,2011,4342,35557,25%,24%
ABADECHE,2012,3777,36266,-13%,2%
ABADECHE,2013,2863,29163,-24%,-20%
ABADECHE,2014,3391,37837,18%,30%
ABADECHE,2015,3408,36328,0%,-4%
ABADECHE,2016,3511,37053,3%,2%
ALGUES,2009,0,0,,
ALGUES,2010,16869,42384,/0,/0
ALGUES,2011,14241,36328,-16%,-14%
ALGUES,2012,14363,46056,-31%,-12%
ALGUES,2013,17470,52315,-5%,-13%
ALGUES,2014,9600,24050,-56%,-64%
ALGUES,2015,18870,64319,97%,167%
ALGUES,2016,25291,91605,34%,42%
ALGUES,2017,24672,90250,-2%,-1%
ALGUES,2018,14411,55490,-42%,-39%
ALGUES,2019,17345,60016,17%,5%
ALGUES,2020,22292,84442,29%,41%
ALGUES,2021,20512,78681,-9%,-7%
ALGUES,2022,11849,41151,-42%,-48%
ALGUES,2023,43717,136569,269%,232%
ALGUES,2024,22234,63276,-49%,-54%
ALGUES,2025,27010,78997,21%,25%
ANCHOIS,2009,16074,96756,,
ANCHOIS,2010,25783,162048,60%,67%
ANCHOIS,2011,28915,108403,12%,-33%
ANCHOIS,2012,34983,124280,21%,15%
ANCHOIS,2013,15980,80676,-54%,-35%
ANCHOIS,2014,9414,75464,-41%,-6%
ANCHOIS,2015,16695,134917,77%,79%
ANCHOIS,2016,17501,92246,5%,-32%
AUTRES,2009,15907,42591,,
AUTRES,2010,76753,194590,383%,357%
AUTRES,2011,121788,349116,59%,79%
AUTRES,2012,138323,330204,14%,-5%
AUTRES,2013,139753,405936,1%,23%
AUTRES,2014,93257,296263,-33%,-27%
AUTRES,2015,72873,269611,-22%,-9%
AUTRES,2016,42731,194570,-40%,-27%
BAUDROIE,2009,519,20775,,
BAUDROIE,2010,409,16478,-21%,-21%
BAUDROIE,2011,281,12002,-31%,-27%
BAUDROIE,2012,297,10537,6%,-12%
BAUDROIE,2013,293,11976,-1%,14%
BAUDROIE,2014,292,11196,0%,-7%
BAUDROIE,2015,333,12444,14%,11%
BAUDROIE,2016,329,13769,-1%,11%
BESUGUE,2009,2233,26095,,
BESUGUE,2010,1928,23951,-14%,-8%
BESUGUE,2011,1271,19358,-34%,-19%
BESUGUE,2012,1078,16292,-15%,-16%
BESUGUE,2013,1222,20086,13%,23%
BESUGUE,2014,1449,23935,18%,19%
BESUGUE,2015,1267,21137,-13%,-12%
BESUGUE,2016,1179,18480,-7%,-13%
BOGUE,2009,9695,49090,,
BOGUE,2010,7213,40861,-26%,-17%
BOGUE,2011,6845,52629,-5%,29%
BOGUE,2012,3651,30661,-47%,-42%
BOGUE,2013,5588,42633,53%,39%
BOGUE,2014,8591,66376,54%,56%
BOGUE,2015,8464,59905,-1%,-10%
BOGUE,2016,6866,55758,-19%,-7%
BONITE SARDA,2009,2654,19262,,
BONITE SARDA,2010,3040,20312,15%,5%
BONITE SARDA,2011,4744,32332,56%,59%
BONITE SARDA,2012,2680,25346,-44%,-22%
BONITE SARDA,2013,2288,27753,-15%,9%
BONITE SARDA,2014,2723,30995,19%,12%
BONITE SARDA,2015,3600,30664,32%,-1%
BONITE SARDA,2016,2295,20141,-36%,-34%
CALMAR,2009,1997,88024,,
CALMAR,2010,1623,76650,-19%,-13%
CALMAR,2011,1799,100767,11%,31%
CALMAR,2012,1443,93140,-20%,-8%
CALMAR,2013,1305,70723,-10%,-25%
CALMAR,2014,1505,92301,15%,30%
CALMAR,2015,1329,63442,-12%,-31%
CALMAR,2016,3927,195867,196%,209%
CEPHALOPODES,2009,38228,1104457,,
CEPHALOPODES,2010,25467,912169,-33%,-17%
CEPHALOPODES,2011,32432,1812577,27%,99%
CEPHALOPODES,2012,39456,1600518,22%,-12%
CEPHALOPODES,2013,45811,1420204,16%,-12%
CEPHALOPODES,2014,37544,1727892,-18%,21%
CEPHALOPODES,2015,47290,2107336,26%,22%
CEPHALOPODES,2016,45859,2214955,-3%,5%
CEPHALOPODES,2017,46491,2680589,1%,21%
CEPHALOPODES,2018,38354,2664645,-18%,-1%
CEPHALOPODES,2019,48299,2437527,26%,-9%
CEPHALOPODES,2020,53814,2269699,11%,-7%
CEPHALOPODES,2021,68921,4202165,28%,85%
CEPHALOPODES,2022,60461,3915654,-12%,-7%
CEPHALOPODES,2023,55307,3987275,-9%,2%
CEPHALOPODES,2024,60893,4384861,10%,10%
CEPHALOPODES,2025,49876,4116916,-18%,-6%
CHINCHARD,2009,23404,115184,,
CHINCHARD,2010,15090,79534,-36%,-31%
CHINCHARD,2011,9376,59815,-38%,-25%
CHINCHARD,2012,13738,78244,46%,31%
CHINCHARD,2013,16631,95963,21%,23%
CHINCHARD,2014,14546,104700,-13%,9%
CHINCHARD,2015,31354,128131,116%,22%
CHINCHARD,2016,36929,147547,11%,11%
COLIN,2009,1198,21037,,
COLIN,2010,859,13716,-28%,-35%
COLIN,2011,1005,16317,17%,19%
COLIN,2012,635,12604,-37%,-23%
COLIN,2013,804,17289,27%,37%
COLIN,2014,1118,24421,39%,41%
COLIN,2015,992,20314,-11%,-17%
COLIN,2016,1059,22276,7%,10%
CONGRE,2009,1344,21258,,
CONGRE,2010,1404,23810,4%,12%
CONGRE,2011,1271,23363,-9%,-2%
CONGRE,2012,1252,23232,-2%,-1%
CONGRE,2013,1248,24136,-1%,3%
CONGRE,2014,1558,32379,19%,27%
CONGRE,2015,1234,26741,-21%,-17%
CONGRE,2016,1039,24172,-16%,-10%
COQUILLAGES,2009,1064,3542,,
COQUILLAGES,2010,1591,6723,50%,90%
COQUILLAGES,2011,1523,7621,-4%,13%
COQUILLAGES,2012,901,4957,-41%,-35%
COQUILLAGES,2013,567,2749,-37%,-45%
COQUILLAGES,2014,1074,5267,89%,92%
COQUILLAGES,2015,829,4307,-23%,-18%
COQUILLAGES,2016,523,3234,-37%,-25%
COQUILLAGES,2017,1394,7969,167%,147%
COQUILLAGES,2018,869,6909,-10%,28%
COQUILLAGES,2019,1210,11004,39%,59%
COQUILLAGES,2020,1658,13105,37%,19%
COQUILLAGES,2021,1040,10345,-37%,-21%
COQUILLAGES,2022,1232,10487,18%,1%
COQUILLAGES,2023,1159,8024,-6%,-23%
COQUILLAGES,2024,102,970,-91%,-88%
COQUILLAGES,2025,956,6563,840%,577%
CREVETTE ROSE,2009,4348,157467,,
CREVETTE ROSE,2010,2081,98274,-52%,-38%
CREVETTE ROSE,2011,2101,77684,1%,-21%
CREVETTE ROSE,2012,2058,84362,-2%,9%
CREVETTE ROSE,2013,1466,86997,-29%,3%
CREVETTE ROSE,2014,2802,118484,91%,36%
CREVETTE ROSE,2015,2289,104591,-18%,-12%
CREVETTE ROSE,2016,2420,104008,6%,-1%
CREVETTE ROYALE,2009,43,4816,,
CREVETTE ROYALE,2010,48,4529,10%,-6%
CREVETTE ROYALE,2011,19,2105,-60%,-54%
CREVETTE ROYALE,2012,33,2245,70%,7%
CREVETTE ROYALE,2013,53,4796,63%,114%
CREVETTE ROYALE,2014,49,6845,-8%,43%
CREVETTE ROYALE,2015,108,11319,122%,65%
CREVETTE ROYALE,2016,41,5539,-62%,-51%
CRUSTACES,2009,4883,204397,,
CRUSTACES,2010,4575,216444,-6%,6%
CRUSTACES,2011,8443,274376,85%,27%
CRUSTACES,2012,8003,264046,-5%,-4%
CRUSTACES,2013,7199,286149,-10%,8%
CRUSTACES,2014,7380,273408,2%,-5%
CRUSTACES,2015,5716,261683,-23%,-4%
CRUSTACES,2016,6383,293171,12%,12%
CRUSTACES,2017,4316,275797,-21%,-4%
CRUSTACES,2018,4515,257798,-5%,-7%
CRUSTACES,2019,4340,274110,-4%,6%
CRUSTACES,2020,3927,205737,-11%,-26%
CRUSTACES,2021,6761,307502,72%,49%
CRUSTACES,2022,6832,364985,1%,19%
CRUSTACES,2023,8664,443882,27%,22%
CRUSTACES,2024,8126,424120,-6%,-4%
CRUSTACES,2025,7640,419955,-6%,-1%
DIVERS POISSON BLANC,2009,19892,254481,,
DIVERS POISSON BLANC,2010,7167,72547,-64%,-71%
DIVERS POISSON BLANC,2011,0,0,-100%,-100%
ECHINODERMES-OURSINS,2009,0,0,,
ECHINODERMES-OURSINS,2010,18,178,/0,/0
ECHINODERMES-OURSINS,2011,74,752,316%,323%
ECHINODERMES-OURSINS,2012,82,739,11%,-2%
ECHINODERMES-OURSINS,2013,0,0,-100%,-100%
ECHINODERMES-OURSINS,2014,27,235,/0,/0
ECHINODERMES-OURSINS,2015,112,937,314%,299%
ECHINODERMES-OURSINS,2016,94,818,-16%,-13%
ECHINODERMES-OURSINS,2017,36,329,-62%,-60%
ECHINODERMES-OURSINS,2018,0,0,-100%,-100%
ESPADON,2009,2297,134733,,
ESPADON,2010,2572,142560,12%,6%
ESPADON,2011,1806,110995,-30%,-22%
ESPADON,2012,773,24530,-57%,-78%
ESPADON,2013,1439,54907,86%,124%
ESPADON,2014,1175,57780,-18%,5%
ESPADON,2015,1330,71376,13%,24%
ESPADON,2016,1224,73140,-8%,2%
GRONDIN,2009,3254,25207,,
GRONDIN,2010,1264,13774,-61%,-45%
GRONDIN,2011,1217,13600,-4%,-1%
GRONDIN,2012,1560,17544,28%,29%
GRONDIN,2013,1295,17129,-17%,-2%
GRONDIN,2014,2601,24694,101%,43%
GRONDIN,2015,4659,39942,79%,62%
GRONDIN,2016,3766,34937,-19%,-13%
LANGOUSTE,2009,198,26063,,
LANGOUSTE,2010,255,35109,29%,35%
LANGOUSTE,2011,186,25514,-27%,-27%
LANGOUSTE,2012,250,26055,33%,1%
LANGOUSTE,2013,137,17362,-49%,-36%
LANGOUSTE,2014,110,15997,-19%,-8%
LANGOUSTE,2015,71,11830,-35%,-26%
LANGOUSTE,2016,69,12936,-3%,9%
LANGOUSTINE,2009,15,1771,,
LANGOUSTINE,2010,4,584,-70%,-67%
LANGOUSTINE,2011,9,1090,93%,87%
LANGOUSTINE,2012,4,497,-58%,-54%
LANGOUSTINE,2013,4,537,9%,8%
LANGOUSTINE,2014,4,449,-10%,-17%
LANGOUSTINE,2015,4,512,12%,14%
LANGOUSTINE,2016,3,415,-19%,-19%
LANGUE,2009,5618,84783,,
LANGUE,2010,3625,74758,-35%,-12%
LANGUE,2011,1849,58712,-49%,-21%
LANGUE,2012,2829,74511,53%,27%
LANGUE,2013,3565,94792,26%,27%
LANGUE,2014,3756,97274,5%,2%
LANGUE,2015,3618,87252,-4%,-10%
LANGUE,2016,3674,85317,2%,-2%
MAQUEREAU,2009,83787,146866,,
MAQUEREAU,2010,69236,125698,-17%,-14%
MAQUEREAU,2011,110909,243094,60%,93%
MAQUEREAU,2012,115305,224806,4%,-8%
MAQUEREAU,2013,150230,349129,30%,55%
MAQUEREAU,2014,178158,435964,19%,25%
MAQUEREAU,2015,161418,332309,-9%,-24%
MAQUEREAU,2016,206062,431348,28%,30%
MERLU,2009,4387,114049,,
MERLU,2010,2040,62045,-53%,-46%
MERLU,2011,1098,38308,-46%,-38%
MERLU,2012,1651,54271,50%,41%
MERLU,2013,1538,45987,-7%,-15%
MERLU,2014,2504,73893,62%,60%
MERLU,2015,1958,59486,-22%,-19%
MERLU,2016,2250,63057,15%,6%
OMBRINE,2009,3117,71985,,
OMBRINE,2010,1617,39531,-48%,-45%
OMBRINE,2011,762,19550,-53%,-51%
OMBRINE,2012,748,21019,-2%,8%
OMBRINE,2013,528,13581,-29%,-35%
OMBRINE,2014,483,14460,-8%,6%
OMBRINE,2015,413,13167,-14%,-9%
OMBRINE,2016,403,14229,-2%,8%
PAGEOT,2009,784,36101,,
PAGEOT,2010,1946,36577,148%,1%
PAGEOT,2011,179,14905,-91%,-59%
PAGEOT,2012,252,17016,40%,14%
PAGEOT,2013,205,13212,-19%,-22%
PAGEOT,2014,196,14131,-4%,7%
PAGEOT,2015,163,13392,-17%,-5%
PAGEOT,2016,126,10905,-22%,-19%
POISSON BLANC,2009,82855,1184287,,
POISSON BLANC,2010,72354,1131327,-13%,-4%
POISSON BLANC,2011,69978,1179306,-3%,4%
POISSON BLANC,2012,74144,1223701,6%,4%
POISSON BLANC,2013,71818,1262230,-3%,3%
POISSON BLANC,2014,78539,1401705,9%,11%
POISSON BLANC,2015,83896,1432652,7%,2%
POISSON BLANC,2016,80008,1415085,-5%,-1%
POISSON BLANC,2017,69725,1348111,-13%,-5%
POISSON BLANC,2018,63786,1328216,-7%,0%
POISSON BLANC,2019,69290,1340655,9%,1%
POISSON BLANC,2020,75485,1181742,9%,-12%
POISSON BLANC,2021,86182,1372733,14%,16%
POISSON BLANC,2022,83081,1478326,-4%,8%
POISSON BLANC,2023,120672,1779186,45%,20%
POISSON BLANC,2024,128735,1842556,7%,4%
POISSON BLANC,2025,137569,1967881,7%,7%
POISSON PELAGIQUE,2009,940248,1759672,,
POISSON PELAGIQUE,2010,965374,1916162,3%,9%
POISSON PELAGIQUE,2011,781566,1699797,-19%,-11%
POISSON PELAGIQUE,2012,979700,1979097,25%,16%
POISSON PELAGIQUE,2013,1030108,2425259,5%,23%
POISSON PELAGIQUE,2014,1153015,2601952,12%,7%
POISSON PELAGIQUE,2015,1132236,2714900,-2%,4%
POISSON PELAGIQUE,2016,1225055,2826837,8%,4%
POISSON PELAGIQUE,2017,1163863,2882375,-5%,2%
POISSON PELAGIQUE,2018,1189229,3032881,2%,5%
POISSON PELAGIQUE,2019,1253281,3204166,5%,6%
POISSON PELAGIQUE,2022,1347813,3894568,17%,24%
POISSON PELAGIQUE,2023,1120671,3625330,-17%,-7%
POISSON PELAGIQUE,2024,1116000,3832872,0%,6%
POISSON PELAGIQUE,2025,909750,3521537,-18%,-8%
POISSON PELAGIQUES,2020,1139182,2965836,-9%,-8%
POISSON PELAGIQUES,2021,1149349,3138867,1%,6%
POULPE,2009,32393,954703,,
POULPE,2010,16482,611490,-49%,-36%
POULPE,2011,18748,1217608,14%,99%
POULPE,2012,25127,1051084,34%,-14%
POULPE,2013,29560,945231,17%,-11%
POULPE,2014,25121,1243329,-15%,31%
POULPE,2015,32216,1581267,28%,27%
POULPE,2016,23682,1354847,-26%,-14%
RASCASSE,2009,592,26624,,
RASCASSE,2010,457,28385,-23%,7%
RASCASSE,2011,305,25983,-33%,-8%
RASCASSE,2012,262,17558,-14%,-32%
RASCASSE,2013,198,13494,-24%,-23%
RASCASSE,2014,229,15822,14%,14%
RASCASSE,2015,227,16851,-1%,7%
RASCASSE,2016,235,16629,3%,-1%
ROUGET,2009,1272,33977,,
ROUGET,2010,1208,32680,-5%,-4%
ROUGET,2011,870,28227,-28%,-14%
ROUGET,2012,790,28268,-9%,0%
ROUGET,2013,838,32596,6%,15%
ROUGET,2014,1206,39671,44%,22%
ROUGET,2015,1109,35072,-8%,-12%
ROUGET,2016,951,31188,-14%,-11%
SABRE,2009,5247,51826,,
SABRE,2010,5515,38926,5%,-25%
SABRE,2011,4131,26651,-25%,-32%
SABRE,2012,3626,31746,-12%,19%
SABRE,2013,5086,43270,40%,36%
SABRE,2014,5256,46836,3%,8%
SABRE,2015,4646,39606,-12%,-15%
SABRE,2016,5959,53772,28%,36%
SAINT PIERRE,2009,1299,46044,,
SAINT PIERRE,2010,1036,46820,-20%,2%
SAINT PIERRE,2011,804,46749,-22%,0%
SAINT PIERRE,2012,865,41845,8%,-11%
SAINT PIERRE,2013,1332,43366,54%,4%
SAINT PIERRE,2014,1022,42320,-23%,-3%
SAINT PIERRE,2015,880,43130,-14%,2%
SAINT PIERRE,2016,748,40724,-15%,-6%
SAR,2009,1681,25746,,
SAR,2010,1655,26988,-2%,5%
SAR,2011,1088,21030,-34%,-22%
SAR,2012,1532,20959,41%,0%
SAR,2013,721,14222,-53%,-32%
SAR,2014,804,17355,11%,21%
SAR,2015,588,12906,-27%,-26%
SAR,2016,598,13106,2%,1%
SARDINE,2009,790632,1145167,,
SARDINE,2010,767117,1140886,-3%,0%
SARDINE,2011,499811,765927,-35%,-33%
SARDINE,2012,670129,1133125,34%,48%
SARDINE,2013,698569,1361510,4%,20%
SARDINE,2014,848352,1548122,21%,13%
SARDINE,2015,840188,1702031,-1%,10%
SARDINE,2016,912218,1807418,9%,6%
SEICHE,2009,3453,56593,,
SEICHE,2010,3155,71678,-9%,27%
SEICHE,2011,2860,99351,-9%,39%
SEICHE,2012,4074,106045,42%,7%
SEICHE,2013,3591,82243,-12%,-23%
SEICHE,2014,2160,61088,-40%,-26%
SEICHE,2015,3153,82424,46%,35%
SEICHE,2016,3655,96576,16%,17%
SOLE,2009,4107,112128,,
SOLE,2010,1931,63788,-53%,-43%
SOLE,2011,922,40276,-52%,-37%
SOLE,2012,1144,49877,24%,24%
SOLE,2013,1140,47712,0%,-4%
SOLE,2014,746,32507,-35%,-32%
SOLE,2015,680,28493,-9%,-12%
SOLE,2016,543,24504,-20%,-14%
THON,2009,247,7287,,
THON,2010,267,11609,8%,59%
THON,2011,86,3463,-68%,-70%
THON,2012,142,6816,65%,97%
THON,2013,133,6115,-7%,-10%
THON,2014,136,5827,2%,-5%
THON,2015,132,6255,-3%,7%
THON,2016,135,6655,2%,6%
TOTAL GENERAL,2009,1067277,4256355,,
TOTAL GENERAL,2010,1086249,4225388,2%,-1%
TOTAL GENERAL,2011,908258,5010757,-16%,19%
TOTAL GENERAL,2012,1116650,5119114,22%,2%
TOTAL GENERAL,2013,1172973,5448907,5%,6%
TOTAL GENERAL,2014,1287179,6034509,9%,10%
TOTAL GENERAL,2015,1288948,6586133,0%,9%
TOTAL GENERAL,2016,1383215,6845704,7%,4%
TOTAL GENERAL,2017,1310495,7285420,-5%,6%
TOTAL GENERAL,2018,1311164,7345939,0%,1%
TOTAL GENERAL,2019,1393765,7327479,6%,0%
TOTAL GENERAL,2020,1296358,6720561,-7%,-8%
TOTAL GENERAL,2021,1332765,9110293,3%,36%
TOTAL GENERAL,2022,1511267,9705171,13%,7%
TOTAL GENERAL,2023,1350190,9980265,-11%,3%
TOTAL GENERAL,2024,1336090,10548655,-1%,6%
TOTAL GENERAL,2025,1132801,10111850,-15%,-4%
